,Date,sentiment_score,avg_sentiment,ticker,Open,High,Low,Close,Adj Close,Volume,month,day,is_quarter_end,predicted
2354,2019-01-02,0.7511988505747126,Positive,AAPL,41.740002,42.244999,41.482498,41.630001,40.246914,130672400.0,1,2,0,39.90776670638023
2355,2019-01-03,0.14269791666666667,Positive,AAPL,43.57,43.787498,43.2225,43.7425,42.470604,103544800.0,1,3,0,41.46343454970976
2356,2019-01-04,0.22658857142857144,Positive,AAPL,47.91,47.919998,47.095001,47.810001,46.419842,111448000.0,1,4,0,45.550961701458114
2357,2019-01-05,-0.9201,Negative,AAPL,52.470001,53.827499,52.307499,52.630001,51.099682,259309200.0,1,5,0,50.505060707689175
2359,2019-01-07,0.4886233333333333,Positive,AAPL,50.7925,51.122501,50.162498,50.387501,49.11079,109012000.0,1,0,0,48.32864235710175
2360,2019-01-08,0.7849642857142857,Positive,AAPL,53.474998,54.5075,51.685001,52.107498,50.787209,216071600.0,1,1,0,51.18249535730799
2362,2019-01-10,0.8556550724637682,Positive,AAPL,56.267502,57.055,56.049999,56.147499,54.932766,139223200.0,1,3,0,53.95600037487352
2363,2019-01-11,0.64413125,Positive,AAPL,62.384998,63.982498,62.290001,63.955002,62.571354,151125200.0,1,4,0,53.90081726135293
2366,2019-01-14,0.06022631578947369,Positive,AAPL,37.712502,37.817501,37.305,37.5,36.254131,129756800.0,1,0,0,35.55728594694034
2367,2019-01-15,0.853691011235955,Positive,AAPL,37.567501,38.3475,37.512501,38.267502,36.996128,114843600.0,1,1,0,35.86105290569544
2368,2019-01-16,0.7590692307692308,Positive,AAPL,38.27,38.970001,38.25,38.735001,37.448109,122278800.0,1,2,0,36.53116881964659
2369,2019-01-17,0.7364,Positive,AAPL,38.549999,39.415001,38.314999,38.965,37.67046,119284800.0,1,3,0,36.8926618409605
2370,2019-01-18,0.2419222222222222,Positive,AAPL,39.375,39.470001,38.994999,39.205002,37.902481,135004000.0,1,4,0,37.00416757552547
2374,2019-01-22,0.7225315789473684,Positive,AAPL,39.102501,39.182499,38.154999,38.325001,37.051727,121576000.0,1,1,0,36.8926618409605
2375,2019-01-23,0.8793244444444445,Positive,AAPL,38.537498,38.785,37.924999,38.48,37.201569,92522400.0,1,2,0,36.356245385830604
2376,2019-01-24,0.89485,Positive,AAPL,38.5275,38.619999,37.935001,38.174999,36.906708,101766000.0,1,3,0,36.23489279694082
2377,2019-01-25,0.9638176470588237,Positive,AAPL,38.869999,39.532501,38.580002,39.439999,38.129673,134142000.0,1,4,0,37.0012158476865
2380,2019-01-28,0.6295923076923077,Positive,AAPL,38.947498,39.0825,38.415001,39.075001,37.77681,104768400.0,1,0,0,36.9833616776839
2381,2019-01-29,0.405965625,Positive,AAPL,39.0625,39.532501,38.5275,38.669998,37.385262,166348800.0,1,1,0,36.967043563159095
2382,2019-01-30,0.5865377777777778,Positive,AAPL,40.8125,41.537498,40.057499,41.3125,39.939968,244439200.0,1,2,0,38.72927058559391
2383,2019-01-31,0.8683272727272727,Positive,AAPL,41.5275,42.25,41.139999,41.610001,40.227589,162958400.0,1,3,0,39.84463784804804
2384,2019-02-01,0.85575625,Positive,AAPL,38.7225,39.712502,38.557499,39.48,38.16835,148158800.0,2,4,0,37.189984872148266
2387,2019-02-04,0.7731666666666667,Positive,AAPL,47.772499,48.615002,47.762501,48.505001,47.094631,91062800.0,2,0,0,45.994469881919976
2388,2019-02-05,0.5978294117647058,Positive,AAPL,52.459999,53.162498,52.032501,52.287498,50.767143,127985200.0,2,1,0,50.468823563046755
2390,2019-02-07,0.9890375,Positive,AAPL,50.352501,50.782501,50.34,50.682499,49.398319,67740800.0,2,3,0,48.333323534704185
2391,2019-02-08,0.50605,Positive,AAPL,51.3825,51.607498,50.407501,51.005001,49.712643,163448400.0,2,4,0,49.385812521217936
2393,2019-02-10,0.9289499999999999,Positive,AAPL,55.764999,55.895,54.482498,54.740002,53.555717,138449200.0,2,6,0,52.99348457533726
2395,2019-02-12,0.13137777777777776,Positive,AAPL,66.817497,67.0625,65.862503,66.040001,64.805229,94487200.0,2,1,0,53.96653249412361
2396,2019-02-13,0.70379,Positive,AAPL,42.8475,43.119999,42.48,42.544998,41.30793,89960800.0,2,2,0,40.82964367964336
2397,2019-02-14,0.62713,Positive,AAPL,42.427502,42.814999,42.345001,42.700001,41.45842,87342800.0,2,3,0,40.35877983573413
2398,2019-02-15,0.8728833333333333,Positive,AAPL,42.8125,42.924999,42.4375,42.605,41.366173,98507200.0,2,4,0,40.61879458526585
2402,2019-02-19,0.9917166666666667,Positive,AAPL,42.427502,42.860001,42.372501,42.732498,41.489967,75891200.0,2,1,0,40.35877983573413
2403,2019-02-20,0.94455,Positive,AAPL,42.797501,43.330002,42.747501,43.0075,41.756977,104457600.0,2,2,0,41.04004743110116
2404,2019-02-21,0.49206666666666665,Positive,AAPL,42.950001,43.092499,42.575001,42.764999,41.521526,68998800.0,2,3,0,40.82964367964336
2405,2019-02-22,0.9849333333333333,Positive,AAPL,42.895,43.25,42.845001,43.2425,41.98513,75652800.0,2,4,0,41.046060373908475
2408,2019-02-25,0.8890999999999999,Positive,AAPL,43.540001,43.967499,43.487499,43.557499,42.290981,87493600.0,2,0,0,41.68875812239849
2409,2019-02-26,0.39076666666666665,Positive,AAPL,43.427502,43.825001,43.2925,43.5825,42.315266,68280800.0,2,1,0,41.46343454970976
2410,2019-02-27,0.4451,Positive,AAPL,43.302502,43.75,43.182499,43.717499,42.446327,111341600.0,2,2,0,41.415768793297914
2411,2019-02-28,0.9976,Positive,AAPL,43.580002,43.727501,43.23,43.287498,42.028835,112861600.0,2,3,0,41.46343454970976
2412,2019-03-01,0.991725,Positive,AAPL,35.994999,36.43,35.5,35.547501,34.366505,365248800.0,3,4,1,33.866619259474085
2415,2019-03-04,0.9865999999999999,Positive,AAPL,48.3125,49.125,48.287498,48.837502,47.417465,93087200.0,3,0,1,46.65146784698798
2416,2019-03-05,0.24100000000000002,Positive,AAPL,52.7225,52.959999,52.557499,52.9375,51.398247,83569600.0,3,1,1,51.13612536354693
2417,2019-03-06,0.68033,Positive,AAPL,43.900002,44.48,42.567501,43.325001,42.227238,161584400.0,3,2,1,41.641926995017435
2418,2019-03-07,0.5263249999999999,Positive,AAPL,50.82,51.110001,50.672501,51.102501,49.807678,45448000.0,3,3,1,48.333323534704185
2421,2019-03-10,0.993725,Positive,AAPL,54.607498,55.240002,53.782501,55.205002,54.010662,114426000.0,3,6,1,52.293177078390706
2423,2019-03-12,0.6900545454545455,Positive,AAPL,64.577499,64.8825,64.072502,64.862503,63.64975,114430400.0,3,1,1,53.96653249412361
2424,2019-03-13,0.5986625,Positive,AAPL,45.5625,45.825001,45.23,45.427502,44.106613,124130000.0,3,2,1,43.69719182079042
2425,2019-03-14,0.09344545454545455,Positive,AAPL,45.974998,46.025002,45.639999,45.932499,44.596924,94318000.0,3,3,1,43.940157078100675
2426,2019-03-15,0.6230625,Positive,AAPL,46.212502,46.8325,45.935001,46.529999,45.177055,156171600.0,3,4,1,44.389177868105556
2429,2019-03-18,0.9054692307692308,Positive,AAPL,46.450001,47.0975,46.447498,47.005001,45.638241,104879200.0,3,0,1,44.77989062640524
2430,2019-03-19,0.27724444444444446,Positive,AAPL,47.087502,47.247501,46.48,46.6325,45.276569,126585600.0,3,1,1,44.77594124045933
2431,2019-03-20,0.7646333333333334,Positive,AAPL,46.557499,47.372501,46.182499,47.040001,45.672226,124140800.0,3,2,1,44.61237948597231
2432,2019-03-21,0.7764142857142857,Positive,AAPL,47.505001,49.0825,47.452499,48.772499,47.354347,204136800.0,3,3,1,46.144366418863605
2433,2019-03-22,0.732075,Positive,AAPL,48.834999,49.422501,47.695,47.762501,46.373718,169630800.0,3,4,1,46.192088640088315
2436,2019-03-25,0.3942894736842105,Positive,AAPL,47.877499,47.994999,46.650002,47.185001,45.813015,175381200.0,3,0,1,45.38423232554224
2437,2019-03-26,0.49594999999999995,Positive,AAPL,47.915001,48.220001,46.145,46.697498,45.339684,199202000.0,3,1,1,45.00732461829799
2438,2019-03-27,0.6596571428571429,Positive,AAPL,47.1875,47.439999,46.637501,47.1175,45.747482,119393600.0,3,2,1,44.963351230738915
2439,2019-03-28,0.7971142857142858,Positive,AAPL,47.237499,47.389999,46.8825,47.18,45.808159,83121600.0,3,3,1,45.05549273666992
2440,2019-03-29,0.49617500000000003,Positive,AAPL,47.4575,47.52,47.134998,47.487499,46.106716,94256000.0,3,4,1,45.2506273254554
2443,2019-04-01,0.9764444444444444,Positive,AAPL,36.1325,37.137501,35.950001,37.064999,35.83358,234428400.0,4,0,0,34.24321250522239
2444,2019-04-02,0.2694153846153846,Positive,AAPL,41.852501,42.915001,41.82,42.8125,41.390125,125982000.0,4,1,0,40.228599379802844
2445,2019-04-03,0.7552375,Positive,AAPL,43.922501,44.4375,43.4925,43.962502,42.684212,109744800.0,4,2,0,42.03656499411344
2446,2019-04-04,0.61702,Positive,AAPL,48.697498,49.092499,48.285,48.922501,47.499989,76457200.0,4,3,0,46.65598657120109
2451,2019-04-09,0.9946555555555556,Positive,AAPL,52.0975,52.369999,51.830002,52.297501,51.166061,76752400.0,4,1,0,49.85767057660801
2452,2019-04-10,0.9027545454545454,Positive,AAPL,56.41,56.872501,55.9725,56.752499,55.524677,138478800.0,4,2,0,53.95600037487352
2453,2019-04-11,0.7099833333333333,Positive,AAPL,64.332497,64.462502,63.845001,64.375,62.982265,103272000.0,4,3,0,53.96653249412361
2454,2019-04-12,0.9782,Positive,AAPL,65.267502,65.827499,65.169998,65.434998,64.21154,67181600.0,4,4,0,53.96653249412361
2457,2019-04-15,0.9776999999999999,Positive,AAPL,49.645,49.962502,49.502499,49.807499,48.359261,70146400.0,4,0,0,46.78303987819703
2458,2019-04-16,0.749225,Positive,AAPL,49.865002,50.342499,49.639999,49.8125,48.364113,102785600.0,4,1,0,48.333323534704185
2459,2019-04-17,0.5582611111111111,Positive,AAPL,49.884998,50.845001,49.6525,50.782501,49.305897,115627200.0,4,2,0,48.333323534704185
2460,2019-04-18,0.5026818181818182,Positive,AAPL,50.779999,51.037498,50.630001,50.965,49.483093,96783200.0,4,3,0,48.333323534704185
2464,2019-04-22,0.6516000000000001,Positive,AAPL,50.7075,51.235001,50.584999,51.1325,49.645725,77758000.0,4,0,0,49.36707962575488
2465,2019-04-23,0.8051400000000001,Positive,AAPL,51.107498,51.9375,50.974998,51.869999,50.361782,93292000.0,4,1,0,49.37186138779434
2466,2019-04-24,0.64786,Positive,AAPL,51.84,52.119999,51.762501,51.790001,50.284119,70162400.0,4,2,0,49.53736964698493
2467,2019-04-25,0.7437428571428571,Positive,AAPL,51.7075,51.939999,51.279999,51.32,49.827774,74172800.0,4,3,0,49.46619051334419
2468,2019-04-26,0.9891285714285714,Positive,AAPL,51.224998,51.25,50.529999,51.075001,49.589897,74596400.0,4,4,0,49.36707962575488
2471,2019-04-29,0.9218722222222221,Positive,AAPL,51.099998,51.4925,50.965,51.1525,49.665138,88818800.0,4,0,0,49.36707962575488
2472,2019-04-30,0.8307717948717949,Positive,AAPL,50.764999,50.849998,49.7775,50.1675,48.70879,186139600.0,4,1,0,48.35888545235133
2474,2019-05-02,0.541468,Positive,AAPL,43.215,43.77,43.087502,43.544998,42.098297,144406400.0,5,3,0,41.43595161950158
2475,2019-05-03,0.81325,Positive,AAPL,43.985001,44.0,43.634998,43.8825,42.606541,78949600.0,5,4,0,41.993865395694584
2476,2019-05-04,0.9827,Positive,AAPL,49.112499,49.275002,48.982498,49.25,47.817966,74106400.0,5,5,0,46.78303987819703
2478,2019-05-06,0.28098,Positive,AAPL,46.07,46.247501,45.285,45.634998,44.47871,119093600.0,5,0,0,43.99970257146488
2479,2019-05-07,0.98519,Positive,AAPL,50.837502,51.27,50.724998,51.057499,49.763817,69062000.0,5,1,0,49.37186138779434
2480,2019-05-08,0.06507142857142861,Positive,AAPL,49.497501,49.662498,48.145,48.334999,47.110294,209572000.0,5,2,0,46.53049009152727
2481,2019-05-09,0.98874,Positive,AAPL,53.0,53.4925,52.877499,53.32,52.166439,95654800.0,5,3,0,51.13612536354693
2484,2019-05-12,0.27712000000000003,Positive,AAPL,65.947502,66.472504,65.682503,66.394997,65.153587,74424400.0,5,6,0,53.96653249412361
2485,2019-05-13,0.565495238095238,Positive,AAPL,46.927502,47.369999,45.712502,46.43,45.253559,229722400.0,5,0,0,44.597203456661454
2486,2019-05-14,0.2931642857142857,Positive,AAPL,46.602501,47.424999,46.352501,47.165001,45.969948,146118800.0,5,1,0,44.634443730851345
2487,2019-05-15,0.45106250000000003,Positive,AAPL,46.567501,47.9375,46.505001,47.73,46.520622,106178800.0,5,2,0,45.189144459935704
2488,2019-05-16,0.8288454545454546,Positive,AAPL,47.477501,48.1175,47.209999,47.52,46.315948,132125600.0,5,3,0,45.616045790815505
2489,2019-05-17,0.02460000000000001,Positive,AAPL,46.732498,47.724998,46.689999,47.25,46.052784,131516400.0,5,4,0,45.14096796511111
2492,2019-05-20,0.29314545454545454,Positive,AAPL,45.880001,46.087502,45.07,45.772499,44.61272,154449200.0,5,0,0,43.74062169279782
2493,2019-05-21,0.4665307692307692,Positive,AAPL,46.305,47.0,46.174999,46.650002,45.467995,113459200.0,5,1,0,44.353311137750886
2494,2019-05-22,0.4837125,Positive,AAPL,46.165001,46.427502,45.637501,45.695,44.537186,118994400.0,5,2,0,44.229682652676765
2495,2019-05-23,0.478825,Positive,AAPL,44.950001,45.134998,44.452499,44.915001,43.776951,146118800.0,5,3,0,42.81914044617821
2496,2019-05-24,0.44049999999999995,Positive,AAPL,45.049999,45.535,44.654999,44.7425,43.608818,94858800.0,5,4,0,42.965764273536166
2500,2019-05-28,0.7031454545454546,Positive,AAPL,44.73,45.147499,44.477501,44.557499,43.428497,111792800.0,5,1,0,42.80589432210767
2501,2019-05-29,0.26605,Positive,AAPL,44.105,44.837502,44.0,44.345001,43.221397,113924800.0,5,2,0,42.324177248161135
2502,2019-05-30,0.36253636363636366,Positive,AAPL,44.487499,44.807499,44.1675,44.575001,43.44558,84873600.0,5,3,0,42.324177248161135
2503,2019-05-31,0.11264999999999999,Positive,AAPL,44.057499,44.497501,43.747501,43.767502,42.658535,108174400.0,5,4,0,42.330378334005076
2505,2019-06-02,-0.497975,Negative,AAPL,43.662498,43.892502,43.212502,43.560001,42.112808,112958400.0,6,6,1,41.50734263187353
2506,2019-06-03,0.4088428571428571,Positive,AAPL,43.6675,43.872501,43.485001,43.630001,42.361382,83241600.0,6,0,1,41.520672875005495
2508,2019-06-05,0.5566416666666667,Positive,AAPL,51.072498,52.209999,50.875,52.119999,50.604519,129772400.0,6,2,1,49.67506693633604
2509,2019-06-06,0.8458466666666666,Positive,AAPL,45.77,46.3675,45.537498,46.305,45.131729,90105200.0,6,3,1,43.940157078100675
2511,2019-06-08,0.6105,Positive,AAPL,49.077499,49.517502,48.509998,49.25,48.00211,143299200.0,6,5,1,46.82344257883681
2512,2019-06-09,0.9918333333333332,Positive,AAPL,53.512501,53.605,53.127499,53.314999,52.161549,77449200.0,6,6,1,51.13612536354693
2514,2019-06-11,0.7745428571428572,Positive,AAPL,64.192497,64.372498,63.842499,64.309998,62.918678,75864400.0,6,1,1,53.96653249412361
2515,2019-06-12,0.7153499999999999,Positive,AAPL,66.870003,67.75,66.824997,67.677498,66.412109,106075600.0,6,2,1,53.96653249412361
2516,2019-06-13,0.3544285714285714,Positive,AAPL,48.674999,49.197498,48.400002,48.537498,47.307659,86698400.0,6,3,1,46.78757134665487
2517,2019-06-14,0.26144,Positive,AAPL,47.887501,48.397499,47.575001,48.185001,46.964096,75046000.0,6,4,1,45.980323747290655
2520,2019-06-17,0.716488888888889,Positive,AAPL,48.224998,48.740002,48.0425,48.4725,47.244312,58676400.0,6,0,1,46.31874488446938
2521,2019-06-18,0.688425,Positive,AAPL,49.012501,50.072498,48.802502,49.612499,48.355419,106204000.0,6,1,1,46.78757134665487
2522,2019-06-19,0.55942,Positive,AAPL,49.919998,49.970001,49.327499,49.467499,48.214092,84496800.0,6,2,1,48.333323534704185
2523,2019-06-20,0.4969307692307693,Positive,AAPL,50.092499,50.1525,49.5075,49.865002,48.601532,86056000.0,6,3,1,48.333323534704185
2524,2019-06-21,0.9800285714285714,Positive,AAPL,49.700001,50.212502,49.537498,49.695,48.435841,191202400.0,6,4,1,46.836259984950274
2527,2019-06-24,0.8521020408163266,Positive,AAPL,49.634998,50.040001,49.5425,49.645,48.387108,72881600.0,6,0,1,46.78303987819703
2528,2019-06-25,0.9221770833333333,Positive,AAPL,49.607498,49.814999,48.822498,48.892502,47.653671,84281200.0,6,1,1,46.78757134665487
2529,2019-06-26,0.8868520833333333,Positive,AAPL,49.442501,50.247501,49.337502,49.950001,48.684376,104270000.0,6,2,1,46.78757134665487
2530,2019-06-27,0.7353999999999999,Positive,AAPL,50.072498,50.392502,49.892502,49.935001,48.669754,83598800.0,6,3,1,48.333323534704185
2531,2019-06-28,0.81444,Positive,AAPL,49.669998,49.875,49.262501,49.48,48.226276,124442400.0,6,4,1,46.77438319349232
2534,2019-07-01,0.5053,Positive,AAPL,37.174999,37.2075,36.474998,36.982498,35.753822,219111200.0,7,0,0,34.82990503305387
2535,2019-07-02,0.9864285714285714,Positive,AAPL,43.099998,43.485001,42.584999,42.735001,41.315205,126966800.0,7,1,0,40.97140143800507
2536,2019-07-03,0.8631,Positive,AAPL,43.467499,43.610001,43.005001,43.125,41.871059,99185600.0,7,2,0,41.14255495404157
2538,2019-07-05,0.6637000000000001,Positive,AAPL,51.470001,51.855,50.2075,50.715,49.240368,155054800.0,7,4,0,49.44967415196654
2541,2019-07-08,0.8004125000000001,Positive,AAPL,48.852501,49.889999,48.455002,49.759998,48.499184,133457600.0,7,0,0,46.81434156820408
2543,2019-07-10,0.9075089285714286,Positive,AAPL,56.567501,57.482498,56.459999,56.764999,55.536907,122306000.0,7,2,0,53.94870398530009
2544,2019-07-11,0.8322229166666667,Positive,AAPL,64.684998,65.087502,64.527496,64.857498,63.644836,94940400.0,7,3,0,53.96653249412361
2548,2019-07-15,0.3936,Positive,AAPL,51.022499,51.467499,51.0,51.302502,50.002613,67789600.0,7,0,0,49.36707962575488
2549,2019-07-16,0.451175,Positive,AAPL,51.147499,51.5275,50.875,51.125,49.829601,67467200.0,7,1,0,49.37186138779434
2550,2019-07-17,0.8918901639344263,Positive,AAPL,51.012501,51.272499,50.817501,50.837502,49.549389,56430000.0,7,2,0,49.37186138779434
2551,2019-07-18,0.886552380952381,Positive,AAPL,51.0,51.470001,50.924999,51.415001,50.112259,74162400.0,7,3,0,49.37186138779434
2552,2019-07-19,0.613,Positive,AAPL,51.447498,51.625,50.59,50.647499,49.364197,83717200.0,7,4,0,49.423274454178916
2555,2019-07-22,0.85232,Positive,AAPL,50.912498,51.807499,50.9025,51.805,50.492374,89111600.0,7,0,0,49.36707962575488
2556,2019-07-23,0.91975,Positive,AAPL,52.115002,52.227501,51.822498,52.209999,50.887108,73420800.0,7,1,0,49.82719578614736
2557,2019-07-24,0.480625,Positive,AAPL,51.9175,52.287498,51.7925,52.1675,50.845684,59966400.0,7,2,0,49.82719578614736
2558,2019-07-25,0.7799583333333334,Positive,AAPL,52.2225,52.310001,51.682499,51.755001,50.443645,55638400.0,7,3,0,49.82719578614736
2559,2019-07-26,0.7173111111111111,Positive,AAPL,51.869999,52.432499,51.785,51.935001,50.619083,70475600.0,7,4,0,49.85284176299156
2562,2019-07-29,0.7315833333333334,Positive,AAPL,52.115002,52.66,52.110001,52.419998,51.091789,86693600.0,7,0,0,50.31547771342162
2563,2019-07-30,0.9073191011235956,Positive,AAPL,52.189999,52.540001,51.827499,52.195,50.87249,135742800.0,7,1,0,49.8802104668205
2564,2019-07-31,0.8394205479452055,Positive,AAPL,54.105,55.342499,52.825001,53.259998,51.910507,277125600.0,7,2,0,51.854569106288764
2565,2019-08-01,0.48624,Positive,AAPL,37.389999,37.955002,37.130001,37.6875,36.435398,164101200.0,8,3,0,35.55119603309125
2566,2019-08-02,-0.05158333333333334,Negative,AAPL,42.247501,42.665001,42.105,42.602501,41.363758,95280000.0,8,4,0,40.29297895482072
2568,2019-08-04,0.9981,Positive,AAPL,49.105,50.057499,49.084999,50.025002,48.570431,103526800.0,8,6,0,46.78757134665487
2569,2019-08-05,0.32120909090909094,Positive,AAPL,50.474998,51.334999,50.4375,50.724998,49.250076,105358000.0,8,0,0,49.36707962575488
2571,2019-08-07,0.9682666666666666,Positive,AAPL,50.202499,50.349998,49.602501,50.005001,48.73798,101354400.0,8,2,0,48.333323534704185
2572,2019-08-08,0.7261,Positive,AAPL,50.049999,50.8825,49.8475,50.857498,49.568882,108038000.0,8,3,0,48.333323534704185
2575,2019-08-11,0.9942,Positive,AAPL,64.672501,65.110001,64.212502,65.035004,63.819012,69986400.0,8,6,0,53.96653249412361
2577,2019-08-13,0.7063769230769231,Positive,AAPL,50.255001,53.035,50.119999,52.2425,51.112251,188874000.0,8,1,0,49.85194451623707
2578,2019-08-14,0.70573,Positive,AAPL,50.790001,51.610001,50.647499,50.6875,49.590893,146189600.0,8,2,0,49.39708770436569
2579,2019-08-15,0.56635,Positive,AAPL,50.865002,51.285,49.9175,50.435001,49.343861,108909600.0,8,3,0,49.37186138779434
2580,2019-08-16,0.7767,Positive,AAPL,51.07,51.790001,50.959999,51.625,50.50811,110481600.0,8,4,0,49.36707962575488
2583,2019-08-19,0.7649090909090909,Positive,AAPL,52.654999,53.182499,52.5075,52.587502,51.449791,97654400.0,8,0,0,50.45669385996682
2584,2019-08-20,0.37385555555555555,Positive,AAPL,52.720001,53.337502,52.580002,52.59,51.45224,107537200.0,8,1,0,51.13612536354693
2585,2019-08-21,0.6215714285714286,Positive,AAPL,53.247501,53.412498,52.900002,53.16,52.009899,86141600.0,8,2,0,51.13612536354693
2586,2019-08-22,0.9321666666666667,Positive,AAPL,53.297501,53.610001,52.6875,53.115002,51.965878,89014800.0,8,3,0,51.13612536354693
2587,2019-08-23,-0.23271666666666666,Negative,AAPL,52.357498,53.012501,50.25,50.66,49.563992,187272000.0,8,4,0,49.94858334251723
2590,2019-08-26,0.818198076923077,Positive,AAPL,51.465,51.797501,51.264999,51.622501,50.505672,104174400.0,8,0,0,49.4613996153431
2591,2019-08-27,0.77825,Positive,AAPL,51.965,52.137501,50.8825,51.040001,49.935768,103493200.0,8,1,0,49.4494676284515
2592,2019-08-28,0.9546692307692308,Positive,AAPL,51.025002,51.43,50.830002,51.3825,50.270855,63755200.0,8,2,0,49.37186138779434
2593,2019-08-29,0.6317666666666667,Positive,AAPL,52.125,52.330002,51.665001,52.252499,51.122028,83962000.0,8,3,0,49.82719578614736
2594,2019-08-30,0.7661714285714286,Positive,AAPL,52.540001,52.612499,51.799999,52.185001,51.055996,84573600.0,8,4,0,49.85284176299156
2596,2019-09-01,-0.04520000000000002,Negative,AAPL,37.822498,38.6325,37.407501,38.327499,37.054134,180396400.0,9,6,1,36.00709172511362
2599,2019-09-04,0.07576666666666666,Positive,AAPL,50.080002,50.712502,49.807499,49.875,48.424801,143072800.0,9,2,1,48.358019215323864
2600,2019-09-05,0.32146153846153847,Positive,AAPL,50.099998,50.419998,49.165001,50.18,48.720932,139634400.0,9,3,1,48.35310721091701
2602,2019-09-07,0.3892333333333333,Positive,AAPL,49.799999,50.377499,49.702499,50.310001,49.035252,82312000.0,9,5,1,48.32864235710175
2603,2019-09-08,0.9964999999999999,Positive,AAPL,50.325001,50.689999,49.822498,50.247501,49.160416,98478800.0,9,6,1,48.333323534704185
2604,2019-09-09,0.7960538461538461,Positive,AAPL,53.709999,54.110001,52.767502,53.5425,52.384129,109237600.0,9,0,1,51.13117272906577
2605,2019-09-10,0.8403069767441861,Positive,AAPL,56.7575,56.947498,56.41,56.7575,55.529568,74770400.0,9,1,1,53.96653249412361
2607,2019-09-12,0.98493,Positive,AAPL,67.5,67.699997,66.227501,66.730003,65.48233,128042400.0,9,3,1,53.951163550810925
2608,2019-09-13,0.5763857142857143,Positive,AAPL,55.0,55.197498,54.255001,54.6875,53.50436,159053200.0,9,4,1,52.527516461150114
2611,2019-09-16,0.8226800000000001,Positive,AAPL,54.432499,55.032501,54.389999,54.974998,53.785633,84632400.0,9,0,1,52.32783253879278
2612,2019-09-17,0.6573125,Positive,AAPL,54.990002,55.205002,54.779999,55.174999,53.981316,73274800.0,9,1,1,52.54538639732276
2613,2019-09-18,0.6416416666666667,Positive,AAPL,55.264999,55.712502,54.860001,55.692501,54.48761,101360000.0,9,2,1,53.45977926204469
2614,2019-09-19,0.9932117647058822,Positive,AAPL,55.502499,55.939999,55.092499,55.240002,54.044907,88242400.0,9,3,1,53.52357572093391
2615,2019-09-20,0.6641777777777779,Positive,AAPL,55.345001,55.639999,54.3675,54.432499,53.254868,221652400.0,9,4,1,52.95198786510211
2618,2019-09-23,0.8163461538461539,Positive,AAPL,54.737499,54.959999,54.412498,54.68,53.497013,76662000.0,9,0,1,52.31686717585133
2619,2019-09-24,0.590790909090909,Positive,AAPL,55.2575,55.622501,54.297501,54.419998,53.242638,124763200.0,9,1,1,52.92316226067309
2620,2019-09-25,0.60455,Positive,AAPL,54.637501,55.375,54.285,55.2575,54.062019,87613600.0,9,2,1,52.56409299531094
2621,2019-09-26,0.903625,Positive,AAPL,55.0,55.235001,54.7075,54.9725,53.783188,75334000.0,9,3,1,52.54538639732276
2622,2019-09-27,0.9909250000000001,Positive,AAPL,55.134998,55.240002,54.32,54.705002,53.521477,101408000.0,9,4,1,52.54029727313419
2625,2019-09-30,0.8467454545454545,Positive,AAPL,55.224998,56.145,55.197498,55.9925,54.781124,103909600.0,9,0,1,53.96653249412361
2626,2019-10-01,0.6234357142857142,Positive,AAPL,38.125,38.4925,37.715,38.450001,37.172573,143122800.0,10,1,0,36.1385333447259
2629,2019-10-04,0.7507909090909091,Positive,AAPL,49.669998,50.185001,49.544998,50.154999,48.696644,86781200.0,10,4,0,46.78303987819703
2630,2019-10-05,0.38304,Positive,AAPL,49.355,49.712502,48.192501,49.294998,48.045971,164834800.0,10,5,0,46.414170756161894
2631,2019-10-06,0.629575,Positive,AAPL,47.952499,48.842499,47.904999,48.145,46.92511,104883600.0,10,6,0,46.32323138068676
2632,2019-10-07,0.5917692307692307,Positive,AAPL,50.462502,50.932499,50.389999,50.807499,49.520149,71588400.0,10,0,0,48.32864235710175
2634,2019-10-09,0.7376916666666666,Positive,AAPL,53.465,54.195,52.927502,54.174999,53.002941,127111600.0,10,2,0,51.5794417269026
2635,2019-10-10,0.4756066666666667,Positive,AAPL,56.982498,57.610001,56.825001,57.522499,56.278015,113013600.0,10,3,0,53.96653249412361
2639,2019-10-14,0.7224555555555556,Positive,AAPL,58.724998,59.532501,58.6675,58.967499,57.691761,96427600.0,10,0,0,53.96653249412361
2640,2019-10-15,0.9196666666666666,Positive,AAPL,59.0975,59.412498,58.720001,58.830002,57.557236,87360000.0,10,1,0,53.96653249412361
2641,2019-10-16,0.680025,Positive,AAPL,58.342499,58.810001,58.299999,58.592499,57.324879,73903200.0,10,2,0,53.96653249412361
2642,2019-10-17,0.7848875,Positive,AAPL,58.772499,59.037498,58.380001,58.82,57.547455,67585200.0,10,3,0,53.96653249412361
2643,2019-10-18,0.5239222222222222,Positive,AAPL,58.647499,59.395,58.572498,59.102501,57.823841,97433600.0,10,4,0,53.96653249412361
2646,2019-10-21,0.84194375,Positive,AAPL,59.380001,60.247501,59.330002,60.127499,58.82666,87247200.0,10,0,0,53.96653249412361
2647,2019-10-22,0.6032071428571429,Positive,AAPL,60.290001,60.549999,59.904999,59.990002,58.692146,82293600.0,10,1,0,53.96653249412361
2648,2019-10-23,0.47345000000000004,Positive,AAPL,60.525002,60.810001,60.305,60.794998,59.479721,75828800.0,10,2,0,53.96653249412361
2649,2019-10-24,0.76649,Positive,AAPL,61.127499,61.200001,60.452499,60.895,59.577553,69275200.0,10,3,0,53.96653249412361
2650,2019-10-25,0.6955166666666667,Positive,AAPL,60.790001,61.682499,60.720001,61.645,60.311337,73477200.0,10,4,0,53.96653249412361
2653,2019-10-28,0.6963526315789474,Positive,AAPL,61.855,62.3125,61.68,62.262501,60.915474,96572800.0,10,0,0,53.96653249412361
2654,2019-10-29,0.7123466666666667,Positive,AAPL,62.2425,62.4375,60.642502,60.822498,59.506634,142839600.0,10,1,0,53.95600037487352
2655,2019-10-30,0.9203210526315789,Positive,AAPL,61.189999,61.325001,60.302502,60.814999,59.499294,124522000.0,10,2,0,53.94870398530009
2656,2019-10-31,0.7779555555555555,Positive,AAPL,61.810001,62.2925,59.314999,62.189999,60.844547,139162000.0,10,3,0,53.95600037487352
2657,2019-11-01,0.5302181818181818,Positive,AAPL,38.220001,38.424999,37.877499,38.072498,36.807606,108092800.0,11,4,0,36.13777857165721
2658,2019-11-02,0.7505,Positive,AAPL,42.762501,42.802502,42.3125,42.357498,41.125877,83973600.0,11,5,0,40.364692963279424
2659,2019-11-03,0.7549,Positive,AAPL,43.872501,44.779999,43.837502,44.724998,43.424545,128044000.0,11,6,0,42.340772501199275
2660,2019-11-04,0.954678448275862,Positive,AAPL,50.212502,50.25,49.610001,49.737499,48.291286,83603200.0,11,0,0,48.32864235710175
2662,2019-11-06,0.5360666666666667,Positive,AAPL,48.715,49.0,48.400002,48.702499,47.468483,107731600.0,11,2,0,46.65598657120109
2663,2019-11-07,0.8564499999999999,Positive,AAPL,50.827499,51.0975,50.427502,50.4375,49.159527,80767200.0,11,3,0,48.333323534704185
2666,2019-11-10,0.9806000000000001,Positive,AAPL,58.237499,59.41,58.077499,59.052502,57.774925,166795600.0,11,6,0,53.81449865837027
2667,2019-11-11,0.8436222222222223,Positive,AAPL,64.574997,65.6175,64.57,65.550003,64.324387,81821200.0,11,0,0,53.96653249412361
2668,2019-11-12,0.7326142857142858,Positive,AAPL,67.202499,67.775002,67.125,67.692497,66.426834,78756800.0,11,1,0,53.96653249412361
2669,2019-11-13,0.6023,Positive,AAPL,65.282501,66.195,65.267502,66.1175,64.881279,102734400.0,11,2,0,53.96653249412361
2670,2019-11-14,0.980875,Positive,AAPL,65.9375,66.220001,65.525002,65.660004,64.43235,89182800.0,11,3,0,53.96653249412361
2671,2019-11-15,0.31574285714285716,Positive,AAPL,65.919998,66.445,65.752502,66.440002,65.197739,100206400.0,11,4,0,53.96653249412361
2674,2019-11-18,0.8285846153846154,Positive,AAPL,66.449997,66.857498,66.057503,66.775002,65.526482,86703200.0,11,0,0,53.96653249412361
2675,2019-11-19,0.8764301369863013,Positive,AAPL,66.974998,67.0,66.347504,66.572502,65.327782,76167200.0,11,1,0,53.96653249412361
2676,2019-11-20,0.8272423076923077,Positive,AAPL,66.385002,66.519997,65.099998,65.797501,64.567261,106234400.0,11,2,0,53.96653249412361
2677,2019-11-21,0.7536692307692309,Positive,AAPL,65.922501,66.002502,65.294998,65.502502,64.277794,121395200.0,11,3,0,53.94870398530009
2678,2019-11-22,0.22182000000000004,Positive,AAPL,65.647499,65.794998,65.209999,65.445,64.221352,65325200.0,11,4,0,53.96653249412361
2681,2019-11-25,0.7262000000000001,Positive,AAPL,65.677498,66.610001,65.629997,66.592499,65.347389,84020400.0,11,0,0,53.96653249412361
2682,2019-11-26,0.592,Positive,AAPL,66.735001,66.790001,65.625,66.072502,64.83712,105207600.0,11,1,0,53.96653249412361
2683,2019-11-27,-0.10211666666666668,Negative,AAPL,66.394997,66.995003,66.327499,66.959999,65.708015,65235600.0,11,2,0,53.96653249412361
2685,2019-11-29,0.576275,Positive,AAPL,66.650002,67.0,66.474998,66.8125,65.563278,46617600.0,11,4,0,53.96653249412361
2688,2019-12-02,0.7503133333333333,Positive,AAPL,42.525002,42.75,42.424999,42.7225,41.480263,89134000.0,12,0,1,40.4119651009463
2689,2019-12-03,0.47454,Positive,AAPL,45.0,45.6675,44.842499,45.227501,43.912434,129870400.0,12,1,1,43.710305869117555
2690,2019-12-04,0.9457774193548387,Positive,AAPL,49.799999,50.035,49.052502,49.717499,48.271873,111042800.0,12,2,1,48.333323534704185
2692,2019-12-06,0.9835,Positive,AAPL,48.487499,48.9925,48.3475,48.547501,47.31741,73012800.0,12,4,1,46.65146784698798
2693,2019-12-07,0.8733,Positive,AAPL,50.612499,51.0,50.549999,50.825001,49.537205,70380800.0,12,5,1,48.32864235710175
2694,2019-12-08,0.6677833333333334,Positive,AAPL,49.904999,50.512501,49.787498,50.119999,49.035675,89927600.0,12,6,1,48.333323534704185
2695,2019-12-09,0.7786642857142857,Positive,AAPL,56.200001,56.605,55.715,55.772499,54.565891,128906800.0,12,0,1,53.951163550810925
2697,2019-12-11,0.8422555555555555,Positive,AAPL,65.387497,65.697502,65.230003,65.489998,64.265511,87388800.0,12,2,1,53.96653249412361
2698,2019-12-12,0.74436875,Positive,AAPL,66.945,68.139999,66.830002,67.864998,66.5961,137310400.0,12,3,1,53.95600037487352
2699,2019-12-13,0.56263,Positive,AAPL,67.864998,68.824997,67.732498,68.787498,67.501358,133587600.0,12,4,1,53.95600037487352
2702,2019-12-16,0.8410923076923077,Positive,AAPL,69.25,70.197502,69.245003,69.964996,68.656837,128186000.0,12,0,1,53.951163550810925
2703,2019-12-17,0.8230333333333334,Positive,AAPL,69.892502,70.442497,69.699997,70.102501,68.791771,114158400.0,12,1,1,53.96653249412361
2704,2019-12-18,0.95845,Positive,AAPL,69.949997,70.474998,69.779999,69.934998,68.627396,116028400.0,12,2,1,53.96653249412361
2705,2019-12-19,0.9051177777777778,Positive,AAPL,69.875,70.294998,69.737503,70.004997,68.696083,98369200.0,12,3,1,53.96653249412361
2706,2019-12-20,0.8179391304347826,Positive,AAPL,70.557503,70.662498,69.639999,69.860001,68.553818,275978000.0,12,4,1,53.88939221133925
2709,2019-12-23,0.754825,Positive,AAPL,70.1325,71.0625,70.092499,71.0,69.672501,98572000.0,12,0,1,53.96653249412361
2710,2019-12-24,0.9585799999999999,Positive,AAPL,71.172501,71.222504,70.730003,71.067497,69.738731,48478800.0,12,1,1,53.96653249412361
2712,2019-12-26,0.9204666666666667,Positive,AAPL,71.205002,72.495003,71.175003,72.477501,71.12236,93121200.0,12,3,1,53.96653249412361
2713,2019-12-27,0.6379181818181818,Positive,AAPL,72.779999,73.4925,72.029999,72.449997,71.095383,146266000.0,12,4,1,53.95600037487352
2716,2019-12-30,0.9389777777777779,Positive,AAPL,72.364998,73.172501,71.305,72.879997,71.517342,144114400.0,12,0,1,53.95600037487352
2717,2019-12-31,0.6785625,Positive,AAPL,72.482498,73.419998,72.379997,73.412498,72.039879,100805600.0,12,1,1,53.96653249412361
